Moderna,Close,Gold,Close,Ethereum,Close,Bitcoin,Close,Crude Oil,Close,"Digital Realty Trust, Inc",Close,Nike,Close,"Overstock, Inc",Close
1/2/2019 16:00:00,15.33,1/2/2019 16:00:00,13.1,1/2/2019 17:26:00,3.34,1/2/2019 16:00:00,0.72,1/2/2019 16:00:00,69.69,1/2/2019 16:00:00,103.19,1/2/2019 16:00:00,74.06,1/2/2019 16:00:00,14.13
1/3/2019 16:00:00,15.5,1/3/2019 16:00:00,13,1/3/2019 17:26:00,3.5,1/3/2019 16:00:00,0.84,1/3/2019 16:00:00,68.62,1/3/2019 16:00:00,102.67,1/3/2019 16:00:00,72.75,1/3/2019 16:00:00,13.25
1/4/2019 16:00:00,16.96,1/4/2019 16:00:00,13.09,1/4/2019 17:26:00,3.63,1/4/2019 16:00:00,0.84,1/4/2019 16:00:00,71.15,1/4/2019 16:00:00,104.81,1/4/2019 16:00:00,74.65,1/4/2019 16:00:00,14.26
1/7/2019 16:00:00,16.27,1/7/2019 16:00:00,12.92,1/7/2019 17:26:00,3.87,1/8/2019 16:00:00,0.72,1/7/2019 16:00:00,71.52,1/7/2019 16:00:00,106.2,1/7/2019 16:00:00,75.72,1/7/2019 16:00:00,15.28
1/8/2019 16:00:00,16.95,1/8/2019 16:00:00,12.34,1/8/2019 17:26:00,3.86,1/11/2019 16:00:00,0.54,1/8/2019 16:00:00,72.04,1/8/2019 16:00:00,107.34,1/8/2019 16:00:00,76.73,1/8/2019 16:00:00,15.76
1/9/2019 16:00:00,16.33,1/9/2019 16:00:00,12.45,1/9/2019 17:26:00,3.82,1/15/2019 16:00:00,0.54,1/9/2019 16:00:00,72.42,1/9/2019 16:00:00,101.83,1/9/2019 16:00:00,76.59,1/9/2019 16:00:00,15.64
1/10/2019 16:00:00,16.48,1/10/2019 16:00:00,12.36,1/10/2019 17:26:00,3.74,1/16/2019 16:00:00,0.66,1/10/2019 16:00:00,72.05,1/10/2019 16:00:00,105.08,1/10/2019 16:00:00,76.42,1/10/2019 16:00:00,15.05
1/11/2019 16:00:00,17,1/11/2019 16:00:00,12.44,1/11/2019 17:26:00,3.76,1/21/2019 16:00:00,0.54,1/11/2019 16:00:00,71.72,1/11/2019 16:00:00,106.64,1/11/2019 16:00:00,76.04,1/11/2019 16:00:00,15.27
1/14/2019 16:00:00,16.74,1/14/2019 16:00:00,12.3,1/14/2019 17:26:00,3.64,1/24/2019 16:00:00,0.66,1/14/2019 16:00:00,71.63,1/14/2019 16:00:00,106.51,1/14/2019 16:00:00,76.09,1/14/2019 16:00:00,14.18
1/15/2019 16:00:00,16.59,1/15/2019 16:00:00,11.86,1/15/2019 17:26:00,3.56,1/28/2019 16:00:00,0.48,1/15/2019 16:00:00,71.67,1/15/2019 16:00:00,107.29,1/15/2019 16:00:00,77.88,1/15/2019 16:00:00,14.64
1/16/2019 16:00:00,16.26,1/16/2019 16:00:00,11.85,1/16/2019 17:26:00,3.74,1/29/2019 16:00:00,0.48,1/16/2019 16:00:00,71.64,1/16/2019 16:00:00,106.94,1/16/2019 16:00:00,77.68,1/16/2019 16:00:00,14.11
1/17/2019 16:00:00,16.31,1/17/2019 16:00:00,11.9,1/17/2019 17:26:00,3.65,2/1/2019 16:00:00,0.48,1/17/2019 16:00:00,72.13,1/17/2019 16:00:00,106.62,1/17/2019 16:00:00,79.13,1/17/2019 16:00:00,13.61
1/18/2019 16:00:00,16.69,1/18/2019 16:00:00,11.79,1/18/2019 17:26:00,3.6,2/4/2019 16:00:00,0.6,1/18/2019 16:00:00,72.99,1/18/2019 16:00:00,107.25,1/18/2019 16:00:00,80.45,1/18/2019 16:00:00,15.13
1/22/2019 16:00:00,15.56,1/22/2019 16:00:00,11.78,1/21/2019 17:26:00,3.65,2/5/2019 16:00:00,0.6,1/22/2019 16:00:00,71.89,1/22/2019 16:00:00,105.1,1/22/2019 16:00:00,80.75,1/22/2019 16:00:00,14.2
1/23/2019 16:00:00,14.79,1/23/2019 16:00:00,11.77,1/22/2019 17:26:00,3.62,2/6/2019 16:00:00,0.48,1/23/2019 16:00:00,71.3,1/23/2019 16:00:00,104.03,1/23/2019 16:00:00,80.5,1/23/2019 16:00:00,14.39
1/24/2019 16:00:00,14.64,1/24/2019 16:00:00,11.85,1/23/2019 17:26:00,3.63,2/7/2019 16:00:00,0.72,1/24/2019 16:00:00,71.4,1/24/2019 16:00:00,104.09,1/24/2019 16:00:00,80.44,1/24/2019 16:00:00,15.81
1/25/2019 16:00:00,14.91,1/25/2019 16:00:00,12.25,1/24/2019 17:26:00,3.71,2/8/2019 16:00:00,0.6,1/25/2019 16:00:00,71.72,1/25/2019 16:00:00,104.17,1/25/2019 16:00:00,80.61,1/25/2019 16:00:00,18.38
1/28/2019 16:00:00,14.45,1/28/2019 16:00:00,12.34,1/25/2019 17:26:00,3.73,2/11/2019 16:00:00,0.6,1/28/2019 16:00:00,71.24,1/28/2019 16:00:00,105.7,1/28/2019 16:00:00,80.32,1/28/2019 16:00:00,19.15
1/29/2019 16:00:00,14.63,1/29/2019 16:00:00,12.93,1/28/2019 17:26:00,3.71,2/14/2019 16:00:00,0.6,1/29/2019 16:00:00,71.51,1/29/2019 16:00:00,106.65,1/29/2019 16:00:00,80.22,1/29/2019 16:00:00,17.71
1/30/2019 16:00:00,15.13,1/30/2019 16:00:00,13.05,1/29/2019 17:26:00,3.65,2/25/2019 16:00:00,0.6,1/30/2019 16:00:00,72.29,1/30/2019 16:00:00,107.43,1/30/2019 16:00:00,81.28,1/30/2019 16:00:00,18.03
1/31/2019 16:00:00,16.6,1/31/2019 16:00:00,13.39,1/30/2019 17:26:00,3.61,2/26/2019 16:00:00,0.6,1/31/2019 16:00:00,73.28,1/31/2019 16:00:00,108.34,1/31/2019 16:00:00,81.88,1/31/2019 16:00:00,17.35
2/1/2019 16:00:00,16.22,2/1/2019 16:00:00,13.25,1/31/2019 17:26:00,3.54,2/28/2019 16:00:00,0.6,2/1/2019 16:00:00,75.92,2/1/2019 16:00:00,108.56,2/1/2019 16:00:00,81.51,2/1/2019 16:00:00,17.55
2/4/2019 16:00:00,16.27,2/4/2019 16:00:00,13.35,2/1/2019 17:26:00,3.48,3/1/2019 16:00:00,0.54,2/4/2019 16:00:00,74.82,2/4/2019 16:00:00,109.28,2/4/2019 16:00:00,81.99,2/4/2019 16:00:00,17.81
2/5/2019 16:00:00,17.18,2/5/2019 16:00:00,13.36,2/4/2019 17:26:00,3.36,3/4/2019 16:00:00,0.66,2/5/2019 16:00:00,75.59,2/5/2019 16:00:00,110.83,2/5/2019 16:00:00,82.86,2/5/2019 16:00:00,18.41
2/6/2019 16:00:00,18.14,2/6/2019 16:00:00,13.24,2/5/2019 17:26:00,3.36,3/5/2019 16:00:00,0.66,2/6/2019 16:00:00,75.26,2/6/2019 16:00:00,107.9,2/6/2019 16:00:00,82.71,2/6/2019 16:00:00,20.26
2/7/2019 16:00:00,17.05,2/7/2019 16:00:00,13.34,2/6/2019 17:26:00,3.36,3/6/2019 16:00:00,0.6,2/7/2019 16:00:00,74.68,2/7/2019 16:00:00,110.05,2/7/2019 16:00:00,82.39,2/7/2019 16:00:00,19.49
2/8/2019 16:00:00,17.99,2/8/2019 16:00:00,13.62,2/7/2019 17:26:00,3.32,3/7/2019 16:00:00,0.6,2/8/2019 16:00:00,73.98,2/8/2019 16:00:00,112.32,2/8/2019 16:00:00,82.36,2/8/2019 16:00:00,20.36
2/11/2019 16:00:00,18.17,2/11/2019 16:00:00,13.43,2/8/2019 17:26:00,3.37,3/8/2019 16:00:00,0.6,2/11/2019 16:00:00,74.1,2/11/2019 16:00:00,113.23,2/11/2019 16:00:00,83.68,2/11/2019 16:00:00,18.41
2/12/2019 16:00:00,18.69,2/12/2019 16:00:00,13.37,2/11/2019 17:26:00,3.38,3/11/2019 16:00:00,0.66,2/12/2019 16:00:00,75.4,2/12/2019 16:00:00,111.61,2/12/2019 16:00:00,84.71,2/12/2019 16:00:00,19.02
2/13/2019 16:00:00,18.53,2/13/2019 16:00:00,12.82,2/12/2019 17:26:00,3.53,3/14/2019 16:00:00,0.6,2/13/2019 16:00:00,76.25,2/13/2019 16:00:00,112.19,2/13/2019 16:00:00,85.4,2/13/2019 16:00:00,18.7
2/14/2019 16:00:00,19.66,2/14/2019 16:00:00,12.91,2/13/2019 17:26:00,3.59,3/15/2019 16:00:00,0.78,2/14/2019 16:00:00,76.27,2/14/2019 16:00:00,113.81,2/14/2019 16:00:00,84.68,2/14/2019 16:00:00,19.17
2/15/2019 16:00:00,21.44,2/15/2019 16:00:00,12.95,2/14/2019 17:26:00,3.69,3/18/2019 16:00:00,0.84,2/15/2019 16:00:00,77.71,2/15/2019 16:00:00,115.03,2/15/2019 16:00:00,85.38,2/15/2019 16:00:00,19.73
2/19/2019 16:00:00,20.83,2/19/2019 16:00:00,13.55,2/15/2019 17:26:00,3.65,3/20/2019 16:00:00,0.66,2/19/2019 16:00:00,78.23,2/19/2019 16:00:00,116.41,2/19/2019 16:00:00,84.57,2/19/2019 16:00:00,22.15
2/20/2019 16:00:00,19.92,2/20/2019 16:00:00,13.76,2/18/2019 17:26:00,3.68,4/2/2019 16:00:00,0.72,2/20/2019 16:00:00,78.53,2/20/2019 16:00:00,118.49,2/20/2019 16:00:00,84.84,2/20/2019 16:00:00,22.06
2/21/2019 16:00:00,19.34,2/21/2019 16:00:00,13.32,2/19/2019 17:26:00,3.66,4/8/2019 16:00:00,0.54,2/21/2019 16:00:00,77.82,2/21/2019 16:00:00,116.37,2/21/2019 16:00:00,83.95,2/21/2019 16:00:00,20
2/22/2019 16:00:00,19.88,2/22/2019 16:00:00,13.04,2/20/2019 17:26:00,3.84,4/9/2019 16:00:00,0.72,2/22/2019 16:00:00,78.42,2/22/2019 16:00:00,118.49,2/22/2019 16:00:00,84.76,2/22/2019 16:00:00,19.89
2/25/2019 16:00:00,21.65,2/25/2019 16:00:00,12.61,2/21/2019 17:26:00,3.82,4/12/2019 16:00:00,0.54,2/25/2019 16:00:00,78.5,2/25/2019 16:00:00,117.11,2/25/2019 16:00:00,85.17,2/25/2019 16:00:00,18.06
2/26/2019 16:00:00,23.7,2/26/2019 16:00:00,12.59,2/22/2019 17:26:00,3.81,4/15/2019 16:00:00,0.54,2/26/2019 16:00:00,78.66,2/26/2019 16:00:00,115.04,2/26/2019 16:00:00,85.8,2/26/2019 16:00:00,17.78
2/27/2019 16:00:00,22.1,2/27/2019 16:00:00,12.5,2/25/2019 17:26:00,3.97,4/26/2019 16:00:00,0.66,2/27/2019 16:00:00,79.47,2/27/2019 16:00:00,114.15,2/27/2019 16:00:00,86.17,2/27/2019 16:00:00,20.08
2/28/2019 16:00:00,22.6,2/28/2019 16:00:00,12.64,2/26/2019 17:26:00,3.97,4/29/2019 16:00:00,0.54,2/28/2019 16:00:00,79.03,2/28/2019 16:00:00,113.12,2/28/2019 16:00:00,85.73,2/28/2019 16:00:00,19.81
3/1/2019 16:00:00,22.27,3/1/2019 16:00:00,12.31,2/27/2019 17:26:00,3.87,4/30/2019 16:00:00,0.6,3/1/2019 16:00:00,80,3/1/2019 16:00:00,114.65,3/1/2019 16:00:00,87.16,3/1/2019 16:00:00,21.06
3/4/2019 16:00:00,21.12,3/4/2019 16:00:00,12.51,2/28/2019 17:26:00,3.77,5/1/2019 16:00:00,0.54,3/4/2019 16:00:00,80.31,3/4/2019 16:00:00,113.4,3/4/2019 16:00:00,85.64,3/4/2019 16:00:00,21.08
3/5/2019 16:00:00,21.37,3/5/2019 16:00:00,12.7,3/1/2019 17:26:00,3.72,5/2/2019 16:00:00,0.54,3/5/2019 16:00:00,80.19,3/5/2019 16:00:00,113.14,3/5/2019 16:00:00,85.44,3/5/2019 16:00:00,22
3/6/2019 16:00:00,20.65,3/6/2019 16:00:00,12.4,3/4/2019 17:26:00,3.8,5/6/2019 16:00:00,0.72,3/6/2019 16:00:00,79.28,3/6/2019 16:00:00,112.56,3/6/2019 16:00:00,85.13,3/6/2019 16:00:00,21.99
3/7/2019 16:00:00,20.59,3/7/2019 16:00:00,12.63,3/5/2019 17:26:00,3.73,5/10/2019 16:00:00,0.66,3/7/2019 16:00:00,80.16,3/7/2019 16:00:00,112.65,3/7/2019 16:00:00,85.26,3/7/2019 16:00:00,21.36
3/8/2019 16:00:00,20.93,3/8/2019 16:00:00,12.93,3/6/2019 17:26:00,3.7,5/13/2019 16:00:00,0.48,3/8/2019 16:00:00,79.01,3/8/2019 16:00:00,111.99,3/8/2019 16:00:00,84.8,3/8/2019 16:00:00,21.43
3/11/2019 16:00:00,20.43,3/11/2019 16:00:00,13.18,3/7/2019 17:26:00,3.63,5/14/2019 16:00:00,0.48,3/11/2019 16:00:00,79.78,3/11/2019 16:00:00,113.94,3/11/2019 16:00:00,85.82,3/11/2019 16:00:00,21.9
3/12/2019 16:00:00,19.26,3/12/2019 16:00:00,13.23,3/8/2019 17:26:00,3.69,5/15/2019 16:00:00,0.48,3/12/2019 16:00:00,80,3/12/2019 16:00:00,114.8,3/12/2019 16:00:00,85.43,3/12/2019 16:00:00,21.93
3/13/2019 16:00:00,19.97,3/13/2019 16:00:00,13.35,3/11/2019 17:26:00,3.78,5/27/2019 16:00:00,0.6,3/13/2019 16:00:00,80.71,3/13/2019 16:00:00,115.97,3/13/2019 16:00:00,85.93,3/13/2019 16:00:00,21.22
3/14/2019 16:00:00,20.82,3/14/2019 16:00:00,13.11,3/12/2019 17:26:00,3.72,5/28/2019 16:00:00,0.42,3/14/2019 16:00:00,80.44,3/14/2019 16:00:00,115.37,3/14/2019 16:00:00,86.87,3/14/2019 16:00:00,19.95
3/15/2019 16:00:00,21.82,3/15/2019 16:00:00,13,3/13/2019 17:26:00,3.72,5/29/2019 16:00:00,0.42,3/15/2019 16:00:00,80.15,3/15/2019 16:00:00,115.23,3/15/2019 16:00:00,86.8,3/15/2019 16:00:00,20.44
3/18/2019 16:00:00,22.18,3/18/2019 16:00:00,12.95,3/14/2019 17:26:00,3.88,5/30/2019 16:00:00,0.54,3/18/2019 16:00:00,81.08,3/18/2019 16:00:00,115.63,3/18/2019 16:00:00,87.82,3/18/2019 16:00:00,19.28
3/19/2019 16:00:00,20.35,3/19/2019 16:00:00,12.84,3/15/2019 17:26:00,3.8,5/31/2019 16:00:00,0.54,3/19/2019 16:00:00,80.87,3/19/2019 16:00:00,115.63,3/19/2019 16:00:00,87.69,3/19/2019 16:00:00,19.23
3/20/2019 16:00:00,20,3/20/2019 16:00:00,13.11,3/18/2019 17:26:00,3.94,6/4/2019 16:00:00,0.48,3/20/2019 16:00:00,81.32,3/20/2019 16:00:00,116.57,3/20/2019 16:00:00,86.69,3/20/2019 16:00:00,19.63
3/21/2019 16:00:00,19.34,3/21/2019 16:00:00,13.28,3/19/2019 17:26:00,3.95,6/5/2019 16:00:00,0.54,3/21/2019 16:00:00,81.79,3/21/2019 16:00:00,119.41,3/21/2019 16:00:00,88.01,3/21/2019 16:00:00,19.5
3/22/2019 16:00:00,19,3/22/2019 16:00:00,13.67,3/20/2019 17:26:00,4.11,6/6/2019 16:00:00,0.42,3/22/2019 16:00:00,80.48,3/22/2019 16:00:00,119.12,3/22/2019 16:00:00,82.19,3/22/2019 16:00:00,18.41
3/25/2019 16:00:00,19.4,3/25/2019 16:00:00,14.27,3/21/2019 17:26:00,4.18,6/7/2019 16:00:00,0.48,3/25/2019 16:00:00,79.92,3/25/2019 16:00:00,117.7,3/25/2019 16:00:00,82.33,3/25/2019 16:00:00,18.11
3/26/2019 16:00:00,19.9,3/26/2019 16:00:00,14.5,3/22/2019 17:26:00,4.18,6/11/2019 16:00:00,0.6,3/26/2019 16:00:00,80.96,3/26/2019 16:00:00,118.89,3/26/2019 16:00:00,83.38,3/26/2019 16:00:00,17.91
3/27/2019 16:00:00,19.27,3/27/2019 16:00:00,14.25,3/25/2019 17:26:00,4.1,6/13/2019 16:00:00,0.6,3/27/2019 16:00:00,80.34,3/27/2019 16:00:00,118.77,3/27/2019 16:00:00,83.09,3/27/2019 16:00:00,16.47
3/28/2019 16:00:00,19.66,3/28/2019 16:00:00,13.88,3/26/2019 17:26:00,4.19,6/17/2019 16:00:00,0.6,3/28/2019 16:00:00,80.74,3/28/2019 16:00:00,119.64,3/28/2019 16:00:00,84.04,3/28/2019 16:00:00,16.21
3/29/2019 16:00:00,20.35,3/29/2019 16:00:00,13.71,3/27/2019 17:26:00,4.14,6/18/2019 16:00:00,0.6,3/29/2019 16:00:00,80.8,3/29/2019 16:00:00,119,3/29/2019 16:00:00,84.21,3/29/2019 16:00:00,16.62
4/1/2019 16:00:00,20.59,4/1/2019 16:00:00,13.44,3/28/2019 17:26:00,4.22,6/19/2019 16:00:00,0.6,4/1/2019 16:00:00,81.73,4/1/2019 16:00:00,120.03,4/1/2019 16:00:00,85.23,4/1/2019 16:00:00,16.22
4/2/2019 16:00:00,19.7,4/2/2019 16:00:00,13.46,3/29/2019 17:26:00,4.21,6/21/2019 16:00:00,0.48,4/2/2019 16:00:00,81.38,4/2/2019 16:00:00,121.71,4/2/2019 16:00:00,84.37,4/2/2019 16:00:00,16.17
4/3/2019 16:00:00,21.33,4/3/2019 16:00:00,13.3,4/1/2019 17:26:00,4.16,6/24/2019 16:00:00,0.6,4/3/2019 16:00:00,80.9,4/3/2019 16:00:00,121.66,4/3/2019 16:00:00,84.47,4/3/2019 16:00:00,16.89
4/4/2019 16:00:00,23.08,4/4/2019 16:00:00,13.56,4/2/2019 17:26:00,4.11,6/26/2019 16:00:00,0.6,4/4/2019 16:00:00,82.05,4/4/2019 16:00:00,121.93,4/4/2019 16:00:00,85.28,4/4/2019 16:00:00,16.89
4/5/2019 16:00:00,25.96,4/5/2019 16:00:00,13.49,4/3/2019 17:26:00,4.06,6/28/2019 16:00:00,0.66,4/5/2019 16:00:00,82.49,4/5/2019 16:00:00,122.41,4/5/2019 16:00:00,85.4,4/5/2019 16:00:00,16.87
4/8/2019 16:00:00,27.23,4/8/2019 16:00:00,13.52,4/4/2019 17:26:00,3.96,7/2/2019 16:00:00,0.6,4/8/2019 16:00:00,83,4/8/2019 16:00:00,121.41,4/8/2019 16:00:00,84.73,4/8/2019 16:00:00,16.91
4/9/2019 16:00:00,26.82,4/9/2019 16:00:00,13.72,4/5/2019 17:26:00,3.91,7/9/2019 16:00:00,0.48,4/9/2019 16:00:00,81.93,4/9/2019 16:00:00,120.53,4/9/2019 16:00:00,84.28,4/9/2019 16:00:00,15.71
4/10/2019 16:00:00,26.8,4/10/2019 16:00:00,13.59,4/8/2019 17:26:00,4.14,7/15/2019 16:00:00,0.48,4/10/2019 16:00:00,81.56,4/10/2019 16:00:00,121.98,4/10/2019 16:00:00,84.88,4/10/2019 16:00:00,16.56
4/11/2019 16:00:00,25.73,4/11/2019 16:00:00,13.45,4/9/2019 17:26:00,4.03,7/22/2019 16:00:00,0.6,4/11/2019 16:00:00,81.95,4/11/2019 16:00:00,121.72,4/11/2019 16:00:00,85,4/11/2019 16:00:00,16.11
4/12/2019 16:00:00,24.61,4/12/2019 16:00:00,13.42,4/10/2019 17:26:00,4.1,7/23/2019 16:00:00,0.48,4/12/2019 16:00:00,80.92,4/12/2019 16:00:00,122.73,4/12/2019 16:00:00,86.24,4/12/2019 16:00:00,16.25
4/15/2019 16:00:00,25.84,4/15/2019 16:00:00,13.63,4/11/2019 17:26:00,4.09,8/7/2019 16:00:00,0.42,4/15/2019 16:00:00,80.65,4/15/2019 16:00:00,121.9,4/15/2019 16:00:00,86.83,4/15/2019 16:00:00,15.09
4/16/2019 16:00:00,23.78,4/16/2019 16:00:00,13.29,4/12/2019 17:26:00,4.07,8/20/2019 16:00:00,0.42,4/16/2019 16:00:00,81.2,4/16/2019 16:00:00,119.07,4/16/2019 16:00:00,87.8,4/16/2019 16:00:00,15.55
4/17/2019 16:00:00,23.5,4/17/2019 16:00:00,13.2,4/15/2019 17:26:00,4.1,8/22/2019 16:00:00,0.42,4/17/2019 16:00:00,81.43,4/17/2019 16:00:00,119.12,4/17/2019 16:00:00,88.73,4/17/2019 16:00:00,15.52
4/18/2019 16:00:00,22.51,4/18/2019 16:00:00,13.22,4/16/2019 17:26:00,3.99,8/23/2019 16:00:00,0.42,4/18/2019 16:00:00,81.13,4/18/2019 16:00:00,120.45,4/18/2019 16:00:00,89.2,4/18/2019 16:00:00,14.98
4/22/2019 16:00:00,23.63,4/22/2019 16:00:00,12.97,4/17/2019 17:26:00,3.87,8/26/2019 16:00:00,0.54,4/22/2019 16:00:00,82.9,4/22/2019 16:00:00,119.38,4/22/2019 16:00:00,87.36,4/22/2019 16:00:00,13.86
4/23/2019 16:00:00,24.7,4/23/2019 16:00:00,12.81,4/18/2019 17:26:00,3.86,8/29/2019 16:00:00,0.48,4/23/2019 16:00:00,83.38,4/23/2019 16:00:00,117.3,4/23/2019 16:00:00,87.43,4/23/2019 16:00:00,13.81
4/24/2019 16:00:00,25.76,4/24/2019 16:00:00,12.83,4/23/2019 17:26:00,3.8,9/4/2019 16:00:00,0.48,4/24/2019 16:00:00,81.76,4/24/2019 16:00:00,119.26,4/24/2019 16:00:00,88.39,4/24/2019 16:00:00,13.72
4/25/2019 16:00:00,25.74,4/25/2019 16:00:00,12.84,4/24/2019 17:26:00,3.79,9/10/2019 16:00:00,0.36,4/25/2019 16:00:00,82.22,4/25/2019 16:00:00,119.81,4/25/2019 16:00:00,87.56,4/25/2019 16:00:00,13.12
4/26/2019 16:00:00,26.26,4/26/2019 16:00:00,13,4/25/2019 17:26:00,3.83,9/18/2019 16:00:00,0.36,4/26/2019 16:00:00,80.49,4/26/2019 16:00:00,116.79,4/26/2019 16:00:00,88.31,4/26/2019 16:00:00,13.07
4/29/2019 16:00:00,25.14,4/29/2019 16:00:00,12.66,4/26/2019 17:26:00,3.82,9/20/2019 16:00:00,0.36,4/29/2019 16:00:00,79.97,4/29/2019 16:00:00,117.12,4/29/2019 16:00:00,88.26,4/29/2019 16:00:00,13.1
4/30/2019 16:00:00,26.03,4/30/2019 16:00:00,12.72,4/29/2019 17:26:00,3.85,9/23/2019 16:00:00,0.36,4/30/2019 16:00:00,80.28,4/30/2019 16:00:00,117.71,4/30/2019 16:00:00,87.83,4/30/2019 16:00:00,13.18
5/1/2019 16:00:00,26.4,5/1/2019 16:00:00,12.59,4/30/2019 17:26:00,3.8,9/24/2019 16:00:00,0.3,5/1/2019 16:00:00,78.67,5/1/2019 16:00:00,117.64,5/1/2019 16:00:00,85.9,5/1/2019 16:00:00,12.41
5/2/2019 16:00:00,28.34,5/2/2019 16:00:00,12.51,5/2/2019 17:26:00,3.7,9/27/2019 16:00:00,0.24,5/2/2019 16:00:00,77.29,5/2/2019 16:00:00,118.8,5/2/2019 16:00:00,85.27,5/2/2019 16:00:00,13.04
5/3/2019 16:00:00,27.2,5/3/2019 16:00:00,12.59,5/3/2019 17:26:00,3.77,10/1/2019 16:00:00,0.3,5/3/2019 16:00:00,77.47,5/3/2019 16:00:00,120.7,5/3/2019 16:00:00,85.7,5/3/2019 16:00:00,12.88
5/6/2019 16:00:00,27.1,5/6/2019 16:00:00,12.6,5/6/2019 17:26:00,3.68,10/3/2019 16:00:00,0.24,5/6/2019 16:00:00,77.13,5/6/2019 16:00:00,119.39,5/6/2019 16:00:00,83.57,5/6/2019 16:00:00,12.99
5/7/2019 16:00:00,24.55,5/7/2019 16:00:00,12.72,5/7/2019 17:26:00,3.68,10/4/2019 16:00:00,0.12,5/7/2019 16:00:00,76.72,5/7/2019 16:00:00,117.42,5/7/2019 16:00:00,82.54,5/7/2019 16:00:00,12.54
5/8/2019 16:00:00,23.54,5/8/2019 16:00:00,12.57,5/8/2019 17:26:00,3.66,10/7/2019 16:00:00,0.12,5/8/2019 16:00:00,76.84,5/8/2019 16:00:00,117.68,5/8/2019 16:00:00,82.77,5/8/2019 16:00:00,12.07
5/9/2019 16:00:00,23.26,5/9/2019 16:00:00,12.37,5/9/2019 17:26:00,3.58,10/8/2019 16:00:00,0.12,5/9/2019 16:00:00,76.77,5/9/2019 16:00:00,117.6,5/9/2019 16:00:00,82.98,5/9/2019 16:00:00,13.43
5/10/2019 16:00:00,24.92,5/10/2019 16:00:00,12,5/10/2019 17:26:00,3.66,10/9/2019 16:00:00,0.12,5/10/2019 16:00:00,76.56,5/10/2019 16:00:00,117.58,5/10/2019 16:00:00,83.95,5/10/2019 16:00:00,13.77
5/13/2019 16:00:00,24.43,5/13/2019 16:00:00,12.31,5/13/2019 17:26:00,3.54,10/10/2019 16:00:00,0.12,5/13/2019 16:00:00,75.71,5/13/2019 16:00:00,116.71,5/13/2019 16:00:00,82.53,5/13/2019 16:00:00,12.43
5/14/2019 16:00:00,23.59,5/14/2019 16:00:00,12.46,5/14/2019 17:26:00,3.71,10/11/2019 16:00:00,0.12,5/14/2019 16:00:00,75.81,5/14/2019 16:00:00,116.89,5/14/2019 16:00:00,83.67,5/14/2019 16:00:00,12.89
5/15/2019 16:00:00,23.12,5/15/2019 16:00:00,12.5,5/15/2019 17:26:00,3.85,10/15/2019 16:00:00,0.12,5/15/2019 16:00:00,76.37,5/15/2019 16:00:00,117.64,5/15/2019 16:00:00,84.01,5/15/2019 16:00:00,10.87
5/16/2019 16:00:00,23.46,5/16/2019 16:00:00,12.18,5/16/2019 17:26:00,3.92,10/17/2019 16:00:00,0.18,5/16/2019 16:00:00,76.36,5/16/2019 16:00:00,118.35,5/16/2019 16:00:00,84.28,5/16/2019 16:00:00,10.11
5/17/2019 16:00:00,23.08,5/17/2019 16:00:00,12.22,5/17/2019 17:26:00,4.01,10/18/2019 16:00:00,0.18,5/17/2019 16:00:00,75.91,5/17/2019 16:00:00,117.98,5/17/2019 16:00:00,84.57,5/17/2019 16:00:00,10.61
5/20/2019 16:00:00,22.6,5/20/2019 16:00:00,12.2,5/20/2019 17:26:00,4.06,10/22/2019 16:00:00,0.12,5/20/2019 16:00:00,75.9,5/20/2019 16:00:00,116.17,5/20/2019 16:00:00,82.85,5/20/2019 16:00:00,9.9
5/21/2019 16:00:00,22.7,5/21/2019 16:00:00,12.12,5/21/2019 17:26:00,4.05,10/23/2019 16:00:00,0.12,5/21/2019 16:00:00,76.25,5/21/2019 16:00:00,117,5/21/2019 16:00:00,83.64,5/21/2019 16:00:00,11.19
5/22/2019 16:00:00,22,5/22/2019 16:00:00,11.94,5/22/2019 17:26:00,4.1,10/28/2019 16:00:00,0.12,5/22/2019 16:00:00,75.56,5/22/2019 16:00:00,118.35,5/22/2019 16:00:00,83.2,5/22/2019 16:00:00,10.88
5/23/2019 16:00:00,21.38,5/23/2019 16:00:00,11.96,5/23/2019 17:26:00,4,10/31/2019 16:00:00,0.12,5/23/2019 16:00:00,73.79,5/23/2019 16:00:00,119.31,5/23/2019 16:00:00,82.64,5/23/2019 16:00:00,10.53
5/24/2019 16:00:00,21.83,5/24/2019 16:00:00,11.95,5/24/2019 17:26:00,3.97,11/1/2019 16:00:00,0.12,5/24/2019 16:00:00,74.1,5/24/2019 16:00:00,119.98,5/24/2019 16:00:00,82.16,5/24/2019 16:00:00,10.69
5/28/2019 16:00:00,21.54,5/28/2019 16:00:00,11.74,5/27/2019 17:26:00,3.95,11/6/2019 16:00:00,0.18,5/28/2019 16:00:00,72.61,5/28/2019 16:00:00,119.08,5/28/2019 16:00:00,81.2,5/28/2019 16:00:00,10.19
5/29/2019 16:00:00,21.7,5/29/2019 16:00:00,11.75,5/28/2019 17:26:00,3.87,11/7/2019 16:00:00,0.06,5/29/2019 16:00:00,72.16,5/29/2019 16:00:00,117.48,5/29/2019 16:00:00,78.87,5/29/2019 16:00:00,10.05
5/30/2019 16:00:00,21.49,5/30/2019 16:00:00,11.79,5/29/2019 17:26:00,3.76,11/8/2019 16:00:00,0.12,5/30/2019 16:00:00,71.97,5/30/2019 16:00:00,117.72,5/30/2019 16:00:00,79.26,5/30/2019 16:00:00,9.68
5/31/2019 16:00:00,20.78,5/31/2019 16:00:00,12.42,5/30/2019 17:26:00,3.77,11/11/2019 16:00:00,0.12,5/31/2019 16:00:00,70.77,5/31/2019 16:00:00,117.72,5/31/2019 16:00:00,77.14,5/31/2019 16:00:00,9.55
6/3/2019 16:00:00,19.85,6/3/2019 16:00:00,13.09,5/31/2019 17:26:00,3.83,11/12/2019 16:00:00,0.12,6/3/2019 16:00:00,71.88,6/3/2019 16:00:00,114.86,6/3/2019 16:00:00,77.96,6/3/2019 16:00:00,9.91
6/4/2019 16:00:00,19.47,6/4/2019 16:00:00,13.21,6/3/2019 17:26:00,3.81,11/13/2019 16:00:00,0.12,6/4/2019 16:00:00,73.59,6/4/2019 16:00:00,112.8,6/4/2019 16:00:00,81.62,6/4/2019 16:00:00,10.21
6/5/2019 16:00:00,17.7,6/5/2019 16:00:00,13.23,6/4/2019 17:26:00,3.82,11/19/2019 16:00:00,0.12,6/5/2019 16:00:00,72.98,6/5/2019 16:00:00,114.85,6/5/2019 16:00:00,82.72,6/5/2019 16:00:00,9.77
6/6/2019 16:00:00,17.94,6/6/2019 16:00:00,13.51,6/5/2019 17:26:00,3.87,11/20/2019 16:00:00,0.12,6/6/2019 16:00:00,74.31,6/6/2019 16:00:00,115.5,6/6/2019 16:00:00,82.45,6/6/2019 16:00:00,9.4
6/7/2019 16:00:00,17.52,6/7/2019 16:00:00,13.54,6/6/2019 17:26:00,3.9,11/25/2019 16:00:00,0.12,6/7/2019 16:00:00,74.58,6/7/2019 16:00:00,116,6/7/2019 16:00:00,83.41,6/7/2019 16:00:00,9.49
6/10/2019 16:00:00,15.67,6/10/2019 16:00:00,13.45,6/7/2019 17:26:00,3.91,11/26/2019 16:00:00,0.12,6/10/2019 16:00:00,74.91,6/10/2019 16:00:00,116.83,6/10/2019 16:00:00,82.58,6/10/2019 16:00:00,9.58
6/11/2019 16:00:00,16,6/11/2019 16:00:00,13.55,6/10/2019 17:26:00,3.92,11/29/2019 16:00:00,0.12,6/11/2019 16:00:00,74.84,6/11/2019 16:00:00,119.22,6/11/2019 16:00:00,83.26,6/11/2019 16:00:00,10.08
6/12/2019 16:00:00,16.3,6/12/2019 16:00:00,13.73,6/11/2019 17:26:00,3.95,12/4/2019 16:00:00,0.12,6/12/2019 16:00:00,74.03,6/12/2019 16:00:00,119.39,6/12/2019 16:00:00,82.63,6/12/2019 16:00:00,10.06
6/13/2019 16:00:00,16.16,6/13/2019 16:00:00,13.86,6/12/2019 17:26:00,3.97,12/5/2019 16:00:00,0.12,6/13/2019 16:00:00,74.68,6/13/2019 16:00:00,118.95,6/13/2019 16:00:00,83.61,6/13/2019 16:00:00,9.86
6/14/2019 16:00:00,15.4,6/14/2019 16:00:00,13.9,6/13/2019 17:26:00,3.98,12/6/2019 16:00:00,0.12,6/14/2019 16:00:00,74.35,6/14/2019 16:00:00,119.76,6/14/2019 16:00:00,83.44,6/14/2019 16:00:00,9.48
6/17/2019 16:00:00,15.77,6/17/2019 16:00:00,14.15,6/14/2019 17:26:00,3.98,12/9/2019 16:00:00,0.12,6/17/2019 16:00:00,75.09,6/17/2019 16:00:00,122.49,6/17/2019 16:00:00,82.11,6/17/2019 16:00:00,9.75
6/18/2019 16:00:00,15.74,6/18/2019 16:00:00,14.37,6/17/2019 17:26:00,4.03,12/10/2019 16:00:00,0.12,6/18/2019 16:00:00,75.74,6/18/2019 16:00:00,122.43,6/18/2019 16:00:00,84.3,6/18/2019 16:00:00,9.91
6/19/2019 16:00:00,15.5,6/19/2019 16:00:00,14.48,6/18/2019 17:26:00,4.16,12/11/2019 16:00:00,0.12,6/19/2019 16:00:00,75.32,6/19/2019 16:00:00,124,6/19/2019 16:00:00,83.55,6/19/2019 16:00:00,10.33
6/20/2019 16:00:00,15.18,6/20/2019 16:00:00,15.3,6/19/2019 17:26:00,4.09,12/12/2019 16:00:00,0.12,6/20/2019 16:00:00,76.61,6/20/2019 16:00:00,124.88,6/20/2019 16:00:00,85.24,6/20/2019 16:00:00,10.02
6/21/2019 16:00:00,14.7,6/21/2019 16:00:00,15.6,6/20/2019 17:26:00,4.14,12/17/2019 16:00:00,0.12,6/21/2019 16:00:00,77.69,6/21/2019 16:00:00,123.15,6/21/2019 16:00:00,85.75,6/21/2019 16:00:00,11.57
6/24/2019 16:00:00,14.04,6/24/2019 16:00:00,16.24,6/21/2019 17:26:00,4.17,12/19/2019 16:00:00,0.12,6/24/2019 16:00:00,76.95,6/24/2019 16:00:00,123.21,6/24/2019 16:00:00,84.5,6/24/2019 16:00:00,11.05
6/25/2019 16:00:00,13.77,6/25/2019 16:00:00,16.01,6/24/2019 17:26:00,4.59,12/20/2019 16:00:00,0.06,6/25/2019 16:00:00,76.27,6/25/2019 16:00:00,121,6/25/2019 16:00:00,82.62,6/25/2019 16:00:00,10.76
6/26/2019 16:00:00,13.7,6/26/2019 16:00:00,15.86,6/25/2019 17:26:00,4.68,12/27/2019 16:00:00,0.12,6/26/2019 16:00:00,76.6,6/26/2019 16:00:00,117.25,6/26/2019 16:00:00,82.55,6/26/2019 16:00:00,13.5
6/27/2019 16:00:00,14.34,6/27/2019 16:00:00,15.7,6/26/2019 17:26:00,4.74,12/30/2019 16:00:00,0.12,6/27/2019 16:00:00,75.82,6/27/2019 16:00:00,117.6,6/27/2019 16:00:00,83.66,6/27/2019 16:00:00,13.02
6/28/2019 16:00:00,14.64,6/28/2019 16:00:00,15.77,6/27/2019 17:26:00,5.03,,,6/28/2019 16:00:00,76.63,6/28/2019 16:00:00,117.79,6/28/2019 16:00:00,83.95,6/28/2019 16:00:00,13.6
7/1/2019 16:00:00,14.73,7/1/2019 16:00:00,14.99,6/28/2019 17:26:00,4.86,,,7/1/2019 16:00:00,76.56,7/1/2019 16:00:00,117.07,7/1/2019 16:00:00,85.41,7/1/2019 16:00:00,12.7
7/2/2019 16:00:00,14.4,7/2/2019 16:00:00,15.59,7/1/2019 17:26:00,4.8,,,7/2/2019 16:00:00,75.72,7/2/2019 16:00:00,119.13,7/2/2019 16:00:00,84.96,7/2/2019 16:00:00,14.32
7/3/2019 13:00:00,15.31,7/3/2019 13:00:00,15.88,7/2/2019 17:26:00,5.21,,,7/3/2019 13:00:00,76.44,7/3/2019 13:00:00,120.94,7/3/2019 13:00:00,86.2,7/3/2019 13:00:00,14.78
7/5/2019 16:00:00,14.96,7/5/2019 16:00:00,15.8,7/3/2019 17:26:00,5.1,,,7/5/2019 16:00:00,76.13,7/5/2019 16:00:00,121.04,7/5/2019 16:00:00,86.82,7/5/2019 16:00:00,14.72
7/8/2019 16:00:00,14.29,7/8/2019 16:00:00,15.86,7/4/2019 17:26:00,5.24,,,7/8/2019 16:00:00,76.48,7/8/2019 16:00:00,120.43,7/8/2019 16:00:00,88.48,7/8/2019 16:00:00,16.64
7/9/2019 16:00:00,14.85,7/9/2019 16:00:00,16.05,7/5/2019 17:26:00,5.15,,,7/9/2019 16:00:00,76.43,7/9/2019 16:00:00,121.68,7/9/2019 16:00:00,88.04,7/9/2019 16:00:00,17.15
7/10/2019 16:00:00,14.48,7/10/2019 16:00:00,16.52,7/8/2019 17:26:00,5.19,,,7/10/2019 16:00:00,77.51,7/10/2019 16:00:00,122.12,7/10/2019 16:00:00,87.44,7/10/2019 16:00:00,18.39
7/11/2019 16:00:00,14.44,7/11/2019 16:00:00,16.39,7/9/2019 17:26:00,5.16,,,7/11/2019 16:00:00,77.57,7/11/2019 16:00:00,121.03,7/11/2019 16:00:00,88.29,7/11/2019 16:00:00,17.82
7/12/2019 16:00:00,14.2,7/12/2019 16:00:00,16.51,7/10/2019 17:26:00,5.29,,,7/12/2019 16:00:00,77.63,7/12/2019 16:00:00,120.07,7/12/2019 16:00:00,89.12,7/12/2019 16:00:00,19.01
7/15/2019 16:00:00,14.32,7/15/2019 16:00:00,16.34,7/11/2019 17:26:00,5.32,,,7/15/2019 16:00:00,77.08,7/15/2019 16:00:00,119.64,7/15/2019 16:00:00,89.48,7/15/2019 16:00:00,17.22
7/16/2019 16:00:00,14.14,7/16/2019 16:00:00,16.11,7/12/2019 17:26:00,5.37,,,7/16/2019 16:00:00,75.93,7/16/2019 16:00:00,119.6,7/16/2019 16:00:00,88.6,7/16/2019 16:00:00,17.76
7/17/2019 16:00:00,14.03,7/17/2019 16:00:00,16.71,7/15/2019 17:26:00,5.37,,,7/17/2019 16:00:00,75.48,7/17/2019 16:00:00,119.37,7/17/2019 16:00:00,87.5,7/17/2019 16:00:00,18.94
7/18/2019 16:00:00,14.26,7/18/2019 16:00:00,17.22,7/16/2019 17:26:00,5.39,,,7/18/2019 16:00:00,74.84,7/18/2019 16:00:00,120.27,7/18/2019 16:00:00,87.44,7/18/2019 16:00:00,18.69
7/19/2019 16:00:00,14.11,7/19/2019 16:00:00,17.21,7/17/2019 17:26:00,5.24,,,7/19/2019 16:00:00,74.99,7/19/2019 16:00:00,117.73,7/19/2019 16:00:00,86.55,7/19/2019 16:00:00,17.54
7/22/2019 16:00:00,14.05,7/22/2019 16:00:00,17.34,7/18/2019 17:26:00,5.25,,,7/22/2019 16:00:00,75.07,7/22/2019 16:00:00,117.57,7/22/2019 16:00:00,85.97,7/22/2019 16:00:00,17.75
7/23/2019 16:00:00,13.6,7/23/2019 16:00:00,17.29,7/19/2019 17:26:00,5.22,,,7/23/2019 16:00:00,75.37,7/23/2019 16:00:00,117.31,7/23/2019 16:00:00,86.7,7/23/2019 16:00:00,18.39
7/24/2019 16:00:00,14.47,7/24/2019 16:00:00,17.35,7/22/2019 17:26:00,5.16,,,7/24/2019 16:00:00,75.36,7/24/2019 16:00:00,117.52,7/24/2019 16:00:00,86.7,7/24/2019 16:00:00,19.11
7/25/2019 16:00:00,13.51,7/25/2019 16:00:00,17.04,7/23/2019 17:26:00,5.19,,,7/25/2019 16:00:00,74.93,7/25/2019 16:00:00,112.83,7/25/2019 16:00:00,87.28,7/25/2019 16:00:00,19.21
7/26/2019 16:00:00,14.12,7/26/2019 16:00:00,17.06,7/24/2019 17:26:00,5.09,,,7/26/2019 16:00:00,74.81,7/26/2019 16:00:00,111.53,7/26/2019 16:00:00,87.54,7/26/2019 16:00:00,20.05
7/29/2019 16:00:00,13.69,7/29/2019 16:00:00,17.21,7/25/2019 17:26:00,4.97,,,7/29/2019 16:00:00,75.34,7/29/2019 16:00:00,111.21,7/29/2019 16:00:00,87.62,7/29/2019 16:00:00,22.08
7/30/2019 16:00:00,13.4,7/30/2019 16:00:00,17.01,7/26/2019 17:26:00,5.02,,,7/30/2019 16:00:00,75.35,7/30/2019 16:00:00,114,7/30/2019 16:00:00,87.2,7/30/2019 16:00:00,22.88
7/31/2019 16:00:00,13.1,7/31/2019 16:00:00,16.26,7/29/2019 17:26:00,4.89,,,7/31/2019 16:00:00,74.36,7/31/2019 16:00:00,114.36,7/31/2019 16:00:00,86.03,7/31/2019 16:00:00,22.52
8/1/2019 16:00:00,13.01,8/1/2019 16:00:00,16.95,7/30/2019 17:26:00,4.77,,,8/1/2019 16:00:00,72.46,8/1/2019 16:00:00,115.53,8/1/2019 16:00:00,83.12,8/1/2019 16:00:00,21.27
8/2/2019 16:00:00,12.73,8/2/2019 16:00:00,16.91,7/31/2019 17:26:00,4.91,,,8/2/2019 16:00:00,71.75,8/2/2019 16:00:00,117.21,8/2/2019 16:00:00,81.14,8/2/2019 16:00:00,21.13
8/5/2019 16:00:00,12.26,8/5/2019 16:00:00,17.59,8/1/2019 17:26:00,4.93,,,8/5/2019 16:00:00,70.28,8/5/2019 16:00:00,115.51,8/5/2019 16:00:00,78.97,8/5/2019 16:00:00,21.6
8/6/2019 16:00:00,12.29,8/6/2019 16:00:00,17.57,8/2/2019 17:26:00,4.68,,,8/6/2019 16:00:00,70.96,8/6/2019 16:00:00,117.09,8/6/2019 16:00:00,81.3,8/6/2019 16:00:00,22.04
8/7/2019 16:00:00,12.85,8/7/2019 16:00:00,18.05,8/5/2019 17:26:00,4.88,,,8/7/2019 16:00:00,70.5,8/7/2019 16:00:00,118.53,8/7/2019 16:00:00,81.28,8/7/2019 16:00:00,22.09
8/8/2019 16:00:00,13.19,8/8/2019 16:00:00,18.19,8/6/2019 17:26:00,4.79,,,8/8/2019 16:00:00,72.38,8/8/2019 16:00:00,119.74,8/8/2019 16:00:00,83,8/8/2019 16:00:00,21.29
8/9/2019 16:00:00,13.33,8/9/2019 16:00:00,18.14,8/7/2019 17:26:00,4.76,,,8/9/2019 16:00:00,70.84,8/9/2019 16:00:00,120.3,8/9/2019 16:00:00,81.98,8/9/2019 16:00:00,25.19
8/12/2019 16:00:00,13.02,8/12/2019 16:00:00,17.96,8/8/2019 17:26:00,4.98,,,8/12/2019 16:00:00,69.63,8/12/2019 16:00:00,119.75,8/12/2019 16:00:00,81.65,8/12/2019 16:00:00,24.97
8/13/2019 16:00:00,13.3,8/13/2019 16:00:00,17.96,8/9/2019 17:26:00,4.86,,,8/13/2019 16:00:00,70.49,8/13/2019 16:00:00,120.19,8/13/2019 16:00:00,83.32,8/13/2019 16:00:00,20.58
8/14/2019 16:00:00,12.74,8/14/2019 16:00:00,18.18,8/12/2019 17:26:00,4.8,,,8/14/2019 16:00:00,67.65,8/14/2019 16:00:00,118,8/14/2019 16:00:00,81.03,8/14/2019 16:00:00,15.97
8/15/2019 16:00:00,12.67,8/15/2019 16:00:00,18.39,8/13/2019 17:26:00,4.94,,,8/15/2019 16:00:00,67.25,8/15/2019 16:00:00,120.56,8/15/2019 16:00:00,79.51,8/15/2019 16:00:00,18.46
8/16/2019 16:00:00,13.16,8/16/2019 16:00:00,18.39,8/14/2019 17:26:00,4.84,,,8/16/2019 16:00:00,68.3,8/16/2019 16:00:00,123.67,8/16/2019 16:00:00,80.28,8/16/2019 16:00:00,18.11
8/19/2019 16:00:00,13.4,8/19/2019 16:00:00,18.1,8/16/2019 17:26:00,5.01,,,8/19/2019 16:00:00,69.45,8/19/2019 16:00:00,124.33,8/19/2019 16:00:00,81.13,8/19/2019 16:00:00,18.9
8/20/2019 16:00:00,14.15,8/20/2019 16:00:00,18.69,8/19/2019 17:26:00,5.08,,,8/20/2019 16:00:00,69.03,8/20/2019 16:00:00,123.09,8/20/2019 16:00:00,80.53,8/20/2019 16:00:00,19.08
8/21/2019 16:00:00,14.29,8/21/2019 16:00:00,18.64,8/20/2019 17:26:00,5.11,,,8/21/2019 16:00:00,69.72,8/21/2019 16:00:00,123.29,8/21/2019 16:00:00,82.74,8/21/2019 16:00:00,19.5
8/22/2019 16:00:00,14.16,8/22/2019 16:00:00,18.74,8/21/2019 17:26:00,5.22,,,8/22/2019 16:00:00,69.57,8/22/2019 16:00:00,122.87,8/22/2019 16:00:00,83.31,8/22/2019 16:00:00,21.12
8/23/2019 16:00:00,13.88,8/23/2019 16:00:00,19.14,8/22/2019 17:26:00,5.43,,,8/23/2019 16:00:00,67.49,8/23/2019 16:00:00,120.72,8/23/2019 16:00:00,80.44,8/23/2019 16:00:00,19.89
8/26/2019 16:00:00,14.97,8/26/2019 16:00:00,19.24,8/23/2019 17:26:00,5.13,,,8/26/2019 16:00:00,67.85,8/26/2019 16:00:00,121.19,8/26/2019 16:00:00,82.25,8/26/2019 16:00:00,16.75
8/27/2019 16:00:00,14.51,8/27/2019 16:00:00,19.77,8/26/2019 17:26:00,5.17,,,8/27/2019 16:00:00,67.19,8/27/2019 16:00:00,120.34,8/27/2019 16:00:00,82.03,8/27/2019 16:00:00,17.12
8/28/2019 16:00:00,14.82,8/28/2019 16:00:00,19.94,8/27/2019 17:26:00,5.29,,,8/28/2019 16:00:00,67.68,8/28/2019 16:00:00,121.28,8/28/2019 16:00:00,83.48,8/28/2019 16:00:00,16.95
8/29/2019 16:00:00,15.18,8/29/2019 16:00:00,19.28,8/28/2019 17:26:00,5.2,,,8/29/2019 16:00:00,68.43,8/29/2019 16:00:00,123.6,8/29/2019 16:00:00,85.38,8/29/2019 16:00:00,16.38
8/30/2019 16:00:00,15.73,8/30/2019 16:00:00,19.38,8/29/2019 17:26:00,5.32,,,8/30/2019 16:00:00,68.48,8/30/2019 16:00:00,123.63,8/30/2019 16:00:00,84.5,8/30/2019 16:00:00,15.73
9/3/2019 16:00:00,14.88,9/3/2019 16:00:00,19.42,8/30/2019 17:26:00,5.22,,,9/3/2019 16:00:00,68.56,9/3/2019 16:00:00,125.53,9/3/2019 16:00:00,84.67,9/3/2019 16:00:00,15.07
9/4/2019 16:00:00,15.42,9/4/2019 16:00:00,19.87,9/2/2019 17:26:00,5.24,,,9/4/2019 16:00:00,69.29,9/4/2019 16:00:00,126.45,9/4/2019 16:00:00,86.35,9/4/2019 16:00:00,15.35
9/5/2019 16:00:00,15.53,9/5/2019 16:00:00,18.4,9/3/2019 17:26:00,5.37,,,9/5/2019 16:00:00,70.27,9/5/2019 16:00:00,126.67,9/5/2019 16:00:00,88.42,9/5/2019 16:00:00,16.14
9/6/2019 16:00:00,15.88,9/6/2019 16:00:00,17.87,9/4/2019 17:26:00,5.51,,,9/6/2019 16:00:00,70.93,9/6/2019 16:00:00,128.62,9/6/2019 16:00:00,88.69,9/6/2019 16:00:00,16.9
9/9/2019 16:00:00,16.03,9/9/2019 16:00:00,17.41,9/5/2019 17:26:00,5.55,,,9/9/2019 16:00:00,71.49,9/9/2019 16:00:00,128.09,9/9/2019 16:00:00,88.67,9/9/2019 16:00:00,19.47
9/10/2019 16:00:00,17.09,9/10/2019 16:00:00,17.25,9/6/2019 17:26:00,5.9,,,9/10/2019 16:00:00,72.07,9/10/2019 16:00:00,127.65,9/10/2019 16:00:00,86.83,9/10/2019 16:00:00,21.32
9/11/2019 16:00:00,15.92,9/11/2019 16:00:00,17.34,9/9/2019 17:26:00,5.9,,,9/11/2019 16:00:00,71.93,9/11/2019 16:00:00,128.5,9/11/2019 16:00:00,86.75,9/11/2019 16:00:00,22.76
9/12/2019 16:00:00,16.4,9/12/2019 16:00:00,17.13,9/10/2019 17:26:00,5.97,,,9/12/2019 16:00:00,71.98,9/12/2019 16:00:00,126.53,9/12/2019 16:00:00,87.67,9/12/2019 16:00:00,26.72
9/13/2019 16:00:00,16.71,9/13/2019 16:00:00,17.23,9/11/2019 17:26:00,6.27,,,9/13/2019 16:00:00,72.64,9/13/2019 16:00:00,124.32,9/13/2019 16:00:00,87.32,9/13/2019 16:00:00,24.93
9/16/2019 16:00:00,17.05,9/16/2019 16:00:00,17.1,9/12/2019 17:26:00,6.74,,,9/16/2019 16:00:00,73.73,9/16/2019 16:00:00,126.39,9/16/2019 16:00:00,87.27,9/16/2019 16:00:00,19.75
9/17/2019 16:00:00,17.66,9/17/2019 16:00:00,18.02,9/13/2019 17:26:00,6.74,,,9/17/2019 16:00:00,73.17,9/17/2019 16:00:00,128.08,9/17/2019 16:00:00,87.59,9/17/2019 16:00:00,17.6
9/18/2019 16:00:00,17.78,9/18/2019 16:00:00,17.64,9/16/2019 17:26:00,7.32,,,9/18/2019 16:00:00,72.82,9/18/2019 16:00:00,125.3,9/18/2019 16:00:00,88.08,9/18/2019 16:00:00,16.19
9/19/2019 16:00:00,17.9,9/19/2019 16:00:00,18.3,9/17/2019 17:26:00,7.12,,,9/19/2019 16:00:00,72.33,9/19/2019 16:00:00,123.83,9/19/2019 16:00:00,87.7,9/19/2019 16:00:00,15.57
9/20/2019 16:00:00,18.07,9/20/2019 16:00:00,18.43,9/18/2019 17:26:00,7.48,,,9/20/2019 16:00:00,72.08,9/20/2019 16:00:00,125.03,9/20/2019 16:00:00,86.68,9/20/2019 16:00:00,14.97
9/23/2019 16:00:00,17.83,9/23/2019 16:00:00,18.6,9/19/2019 17:26:00,7.51,,,9/23/2019 16:00:00,72.13,9/23/2019 16:00:00,126.31,9/23/2019 16:00:00,87.69,9/23/2019 16:00:00,11.19
9/24/2019 16:00:00,17.82,9/24/2019 16:00:00,18.81,9/20/2019 17:26:00,7.4,,,9/24/2019 16:00:00,71.14,9/24/2019 16:00:00,127.56,9/24/2019 16:00:00,87.18,9/24/2019 16:00:00,11.58
9/25/2019 16:00:00,17.18,9/25/2019 16:00:00,18.18,9/23/2019 17:26:00,7.47,,,9/25/2019 16:00:00,71.35,9/25/2019 16:00:00,127.67,9/25/2019 16:00:00,90.81,9/25/2019 16:00:00,12.25
9/26/2019 16:00:00,16.34,9/26/2019 16:00:00,18.1,9/24/2019 17:26:00,7.2,,,9/26/2019 16:00:00,70.97,9/26/2019 16:00:00,128.53,9/26/2019 16:00:00,92.17,9/26/2019 16:00:00,12.53
9/27/2019 16:00:00,15.9,9/27/2019 16:00:00,17.73,9/25/2019 17:26:00,7.26,,,9/27/2019 16:00:00,71.48,9/27/2019 16:00:00,128.85,9/27/2019 16:00:00,92.31,9/27/2019 16:00:00,11.23
9/30/2019 16:00:00,15.92,9/30/2019 16:00:00,17.33,9/26/2019 17:26:00,7.08,,,9/30/2019 16:00:00,70.61,9/30/2019 16:00:00,129.81,9/30/2019 16:00:00,93.92,9/30/2019 16:00:00,10.59
10/1/2019 16:00:00,14.81,10/1/2019 16:00:00,17.22,9/27/2019 17:26:00,7.25,,,10/1/2019 16:00:00,68.95,10/1/2019 16:00:00,129.06,10/1/2019 16:00:00,92.28,10/1/2019 16:00:00,9.61
10/2/2019 16:00:00,14.86,10/2/2019 16:00:00,17.37,9/30/2019 17:26:00,7.22,,,10/2/2019 16:00:00,67.15,10/2/2019 16:00:00,127.66,10/2/2019 16:00:00,91.49,10/2/2019 16:00:00,10.38
10/3/2019 16:00:00,15.07,10/3/2019 16:00:00,17.26,10/1/2019 17:26:00,7.38,,,10/3/2019 16:00:00,67.98,10/3/2019 16:00:00,129.65,10/3/2019 16:00:00,92.22,10/3/2019 16:00:00,10.36
10/4/2019 16:00:00,15.51,10/4/2019 16:00:00,17.75,10/2/2019 17:26:00,7.12,,,10/4/2019 16:00:00,68.97,10/4/2019 16:00:00,130.27,10/4/2019 16:00:00,93.07,10/4/2019 16:00:00,10.22
10/7/2019 16:00:00,15.47,10/7/2019 16:00:00,17.62,10/3/2019 17:26:00,7.16,,,10/7/2019 16:00:00,68.02,10/7/2019 16:00:00,128.26,10/7/2019 16:00:00,93.17,10/7/2019 16:00:00,11.22
10/8/2019 16:00:00,15.31,10/8/2019 16:00:00,18.06,10/4/2019 17:26:00,7.25,,,10/8/2019 16:00:00,66.7,10/8/2019 16:00:00,129,10/8/2019 16:00:00,91.75,10/8/2019 16:00:00,11.73
10/9/2019 16:00:00,14.2,10/9/2019 16:00:00,17.87,10/7/2019 17:26:00,7.32,,,10/9/2019 16:00:00,67.44,10/9/2019 16:00:00,130.66,10/9/2019 16:00:00,92.52,10/9/2019 16:00:00,10.69
10/10/2019 16:00:00,14.16,10/10/2019 16:00:00,17.91,10/8/2019 17:26:00,7.28,,,10/10/2019 16:00:00,68.25,10/10/2019 16:00:00,130.65,10/10/2019 16:00:00,93,10/10/2019 16:00:00,10.85
10/11/2019 16:00:00,14.06,10/11/2019 16:00:00,17,10/9/2019 17:26:00,7.66,,,10/11/2019 16:00:00,68.98,10/11/2019 16:00:00,129.31,10/11/2019 16:00:00,93.88,10/11/2019 16:00:00,10.67
10/14/2019 16:00:00,13.93,10/14/2019 16:00:00,17.1,10/10/2019 17:26:00,7.68,,,10/14/2019 16:00:00,69.18,10/14/2019 16:00:00,129.85,10/14/2019 16:00:00,94.88,10/14/2019 16:00:00,10.6
10/15/2019 16:00:00,14.33,10/15/2019 16:00:00,16.66,10/11/2019 17:26:00,7.58,,,10/15/2019 16:00:00,69.42,10/15/2019 16:00:00,129.79,10/15/2019 16:00:00,94.79,10/15/2019 16:00:00,11.07
10/16/2019 16:00:00,14.15,10/16/2019 16:00:00,16.94,10/14/2019 17:26:00,7.93,,,10/16/2019 16:00:00,68.23,10/16/2019 16:00:00,130.6,10/16/2019 16:00:00,94.88,10/16/2019 16:00:00,11.61
10/17/2019 16:00:00,14.54,10/17/2019 16:00:00,17.09,10/15/2019 17:26:00,7.9,,,10/17/2019 16:00:00,68.14,10/17/2019 16:00:00,131.77,10/17/2019 16:00:00,95.56,10/17/2019 16:00:00,11.31
10/18/2019 16:00:00,14.81,10/18/2019 16:00:00,17.19,10/16/2019 17:26:00,8.03,,,10/18/2019 16:00:00,67.61,10/18/2019 16:00:00,132.98,10/18/2019 16:00:00,96.1,10/18/2019 16:00:00,10.82
10/21/2019 16:00:00,15.5,10/21/2019 16:00:00,16.83,10/17/2019 17:26:00,8.08,,,10/21/2019 16:00:00,68.74,10/21/2019 16:00:00,134.33,10/21/2019 16:00:00,96.22,10/21/2019 16:00:00,11.11
10/22/2019 16:00:00,15.92,10/22/2019 16:00:00,16.6,10/18/2019 17:26:00,7.93,,,10/22/2019 16:00:00,69.09,10/22/2019 16:00:00,134.81,10/22/2019 16:00:00,95.6,10/22/2019 16:00:00,10.97
10/23/2019 16:00:00,16.9,10/23/2019 16:00:00,16.57,10/21/2019 17:26:00,8.22,,,10/23/2019 16:00:00,69.75,10/23/2019 16:00:00,135.74,10/23/2019 16:00:00,92.32,10/23/2019 16:00:00,10.91
10/24/2019 16:00:00,16.59,10/24/2019 16:00:00,17.17,10/22/2019 17:26:00,8.8,,,10/24/2019 16:00:00,69.09,10/24/2019 16:00:00,134.35,10/24/2019 16:00:00,91.5,10/24/2019 16:00:00,10.7
10/25/2019 16:00:00,17.01,10/25/2019 16:00:00,17.2,10/23/2019 17:26:00,8.66,,,10/25/2019 16:00:00,69.25,10/25/2019 16:00:00,132.82,10/25/2019 16:00:00,90.92,10/25/2019 16:00:00,11.29
10/28/2019 16:00:00,17.03,10/28/2019 16:00:00,16.72,10/24/2019 17:26:00,8.67,,,10/28/2019 16:00:00,68.64,10/28/2019 16:00:00,132.28,10/28/2019 16:00:00,90.85,10/28/2019 16:00:00,11
10/29/2019 16:00:00,16.99,10/29/2019 16:00:00,16.77,10/25/2019 17:26:00,8.92,,,10/29/2019 16:00:00,68.44,10/29/2019 16:00:00,130.59,10/29/2019 16:00:00,89.28,10/29/2019 16:00:00,10.49
10/30/2019 16:00:00,17.14,10/30/2019 16:00:00,17.05,10/28/2019 17:26:00,8.94,,,10/30/2019 16:00:00,67.72,10/30/2019 16:00:00,129.41,10/30/2019 16:00:00,90.19,10/30/2019 16:00:00,10.66
10/31/2019 16:00:00,16.75,10/31/2019 16:00:00,17.36,10/29/2019 17:26:00,8.81,,,10/31/2019 16:00:00,67.57,10/31/2019 16:00:00,127.04,10/31/2019 16:00:00,89.55,10/31/2019 16:00:00,10.53
11/1/2019 16:00:00,15.66,11/1/2019 16:00:00,17.01,10/30/2019 17:26:00,8.45,,,11/1/2019 16:00:00,69.6,11/1/2019 16:00:00,126.8,11/1/2019 16:00:00,89.18,11/1/2019 16:00:00,10.31
11/4/2019 16:00:00,16.8,11/5/2019 16:00:00,16.54,10/31/2019 17:26:00,8.78,,,11/4/2019 16:00:00,71.67,11/4/2019 16:00:00,124.07,11/4/2019 16:00:00,89.86,11/4/2019 16:00:00,10.22
11/5/2019 16:00:00,16.89,11/6/2019 16:00:00,16.9,11/1/2019 17:26:00,8.69,,,11/5/2019 16:00:00,73.09,11/5/2019 16:00:00,123.33,11/5/2019 16:00:00,89.88,11/5/2019 16:00:00,10.03
11/6/2019 16:00:00,16.13,11/7/2019 16:00:00,16.9,11/4/2019 17:26:00,9.08,,,11/6/2019 16:00:00,71.49,11/6/2019 16:00:00,122.7,11/6/2019 16:00:00,89.48,11/6/2019 16:00:00,10.01
11/7/2019 16:00:00,17.5,11/8/2019 16:00:00,16.37,11/5/2019 17:26:00,9.19,,,11/7/2019 16:00:00,73.01,11/7/2019 16:00:00,118.68,11/7/2019 16:00:00,90.4,11/7/2019 16:00:00,9.92
11/8/2019 16:00:00,17.49,11/11/2019 16:00:00,16.38,11/6/2019 17:26:00,9,,,11/8/2019 16:00:00,70.77,11/8/2019 16:00:00,116.57,11/8/2019 16:00:00,89.81,11/8/2019 16:00:00,9.7
11/11/2019 16:00:00,17.4,11/12/2019 16:00:00,16.44,11/7/2019 17:26:00,8.98,,,11/11/2019 16:00:00,70.34,11/11/2019 16:00:00,116.66,11/11/2019 16:00:00,90.05,11/11/2019 16:00:00,9.42
11/12/2019 16:00:00,17.99,11/13/2019 16:00:00,16.66,11/8/2019 17:26:00,8.98,,,11/12/2019 16:00:00,69.37,11/12/2019 16:00:00,116.1,11/12/2019 16:00:00,89.5,11/12/2019 16:00:00,7.78
11/13/2019 16:00:00,18.25,11/14/2019 16:00:00,16.66,11/11/2019 17:26:00,9.04,,,11/13/2019 16:00:00,68.8,11/13/2019 16:00:00,116.13,11/13/2019 16:00:00,91.29,11/13/2019 16:00:00,8.13
11/14/2019 16:00:00,18.34,11/15/2019 16:00:00,16.57,11/12/2019 17:26:00,9.55,,,11/14/2019 16:00:00,68.5,11/14/2019 16:00:00,117.12,11/14/2019 16:00:00,91.27,11/14/2019 16:00:00,8.19
11/15/2019 16:00:00,19.37,11/18/2019 16:00:00,16.89,11/13/2019 17:26:00,9.6,,,11/15/2019 16:00:00,69.19,11/15/2019 16:00:00,118.87,11/15/2019 16:00:00,93.04,11/15/2019 16:00:00,8.33
11/18/2019 16:00:00,19.45,11/19/2019 16:00:00,17.05,11/14/2019 17:26:00,9.25,,,11/18/2019 16:00:00,68.52,11/18/2019 16:00:00,120.47,11/18/2019 16:00:00,94.18,11/18/2019 16:00:00,8.1
11/19/2019 16:00:00,19.36,11/20/2019 16:00:00,16.99,11/15/2019 17:26:00,9.74,,,11/19/2019 16:00:00,67.82,11/19/2019 16:00:00,121.99,11/19/2019 16:00:00,93.61,11/19/2019 16:00:00,7.88
11/20/2019 16:00:00,20.18,11/21/2019 16:00:00,16.64,11/18/2019 17:26:00,9.55,,,11/20/2019 16:00:00,68.03,11/20/2019 16:00:00,121.34,11/20/2019 16:00:00,93.05,11/20/2019 16:00:00,7.92
11/21/2019 16:00:00,20.2,11/22/2019 16:00:00,16.49,11/19/2019 17:26:00,9.25,,,11/21/2019 16:00:00,69.67,11/21/2019 16:00:00,119.84,11/21/2019 16:00:00,92.16,11/21/2019 16:00:00,7.63
11/22/2019 16:00:00,20.69,11/25/2019 16:00:00,16.43,11/20/2019 17:26:00,8.58,,,11/22/2019 16:00:00,69.37,11/22/2019 16:00:00,119.6,11/22/2019 16:00:00,93.34,11/22/2019 16:00:00,7.57
11/25/2019 16:00:00,20,11/26/2019 16:00:00,16.86,11/21/2019 17:26:00,8.2,,,11/25/2019 16:00:00,68.91,11/25/2019 16:00:00,118.3,11/25/2019 16:00:00,92.9,11/25/2019 16:00:00,7.74
11/26/2019 16:00:00,20.33,11/27/2019 16:00:00,16.7,11/22/2019 17:26:00,8.42,,,11/26/2019 16:00:00,68.74,11/26/2019 16:00:00,120.62,11/26/2019 16:00:00,93.33,11/26/2019 16:00:00,7.77
11/27/2019 16:00:00,20.37,11/29/2019 13:00:00,16.8,11/25/2019 17:26:00,8.65,,,11/27/2019 16:00:00,68.7,11/27/2019 16:00:00,121.2,11/27/2019 16:00:00,94.14,11/27/2019 16:00:00,7.44
11/29/2019 13:00:00,20.36,12/2/2019 16:00:00,16.89,11/26/2019 17:26:00,8.47,,,11/29/2019 13:00:00,68.13,11/29/2019 13:00:00,120.95,11/29/2019 13:00:00,93.49,11/29/2019 13:00:00,7.59
12/2/2019 16:00:00,19.76,12/3/2019 16:00:00,17.28,11/27/2019 17:26:00,8.7,,,12/2/2019 16:00:00,68.42,12/2/2019 16:00:00,119.26,12/2/2019 16:00:00,93.56,12/2/2019 16:00:00,7.53
12/3/2019 16:00:00,21.28,12/4/2019 16:00:00,17.03,11/28/2019 17:26:00,8.54,,,12/3/2019 16:00:00,67.88,12/3/2019 16:00:00,118.1,12/3/2019 16:00:00,92.46,12/3/2019 16:00:00,7.5
12/4/2019 16:00:00,21.27,12/5/2019 16:00:00,17.16,11/29/2019 17:26:00,8.21,,,12/4/2019 16:00:00,68.65,12/4/2019 16:00:00,119.1,12/4/2019 16:00:00,93.72,12/4/2019 16:00:00,7.55
12/5/2019 16:00:00,20.64,12/6/2019 16:00:00,16.89,12/2/2019 17:26:00,8.2,,,12/5/2019 16:00:00,68.41,12/5/2019 16:00:00,117.52,12/5/2019 16:00:00,95.79,12/5/2019 16:00:00,7.26
12/6/2019 16:00:00,18.94,12/9/2019 16:00:00,16.85,12/3/2019 17:26:00,7.94,,,12/6/2019 16:00:00,69.51,12/6/2019 16:00:00,118.37,12/6/2019 16:00:00,97,12/6/2019 16:00:00,7.36
12/9/2019 16:00:00,18.78,12/10/2019 16:00:00,17.14,12/4/2019 17:26:00,8.15,,,12/9/2019 16:00:00,69.66,12/9/2019 16:00:00,118.72,12/9/2019 16:00:00,96.63,12/9/2019 16:00:00,7.2
12/10/2019 16:00:00,18.87,12/11/2019 16:00:00,17.62,12/5/2019 17:26:00,8.27,,,12/10/2019 16:00:00,69.06,12/10/2019 16:00:00,117.59,12/10/2019 16:00:00,97.01,12/10/2019 16:00:00,7.07
12/11/2019 16:00:00,18.65,12/12/2019 16:00:00,17.56,12/6/2019 17:26:00,8.22,,,12/11/2019 16:00:00,68.96,12/11/2019 16:00:00,117.02,12/11/2019 16:00:00,97.18,12/11/2019 16:00:00,7.14
12/12/2019 16:00:00,18.45,12/13/2019 16:00:00,17.58,12/9/2019 17:26:00,8.15,,,12/12/2019 16:00:00,70.34,12/12/2019 16:00:00,114.67,12/12/2019 16:00:00,97.72,12/12/2019 16:00:00,7.37
12/13/2019 16:00:00,18.62,12/16/2019 16:00:00,17.42,12/10/2019 17:26:00,8.16,,,12/13/2019 16:00:00,69.23,12/13/2019 16:00:00,113.71,12/13/2019 16:00:00,97.77,12/13/2019 16:00:00,7.14
12/16/2019 16:00:00,18.52,12/17/2019 16:00:00,17.39,12/11/2019 17:26:00,8.04,,,12/16/2019 16:00:00,70,12/16/2019 16:00:00,115.49,12/16/2019 16:00:00,98.81,12/16/2019 16:00:00,7.06
12/17/2019 16:00:00,18.44,12/18/2019 16:00:00,17.93,12/12/2019 17:26:00,8.14,,,12/17/2019 16:00:00,69.68,12/17/2019 16:00:00,113.81,12/17/2019 16:00:00,99.65,12/17/2019 16:00:00,7.03
12/18/2019 16:00:00,18.64,12/19/2019 16:00:00,17.71,12/13/2019 17:26:00,7.92,,,12/18/2019 16:00:00,69.87,12/18/2019 16:00:00,116.42,12/18/2019 16:00:00,100.57,12/18/2019 16:00:00,7.11
12/19/2019 16:00:00,19.41,12/20/2019 16:00:00,17.45,12/16/2019 17:26:00,8.16,,,12/19/2019 16:00:00,69.39,12/19/2019 16:00:00,119,12/19/2019 16:00:00,101.15,12/19/2019 16:00:00,7.17
12/20/2019 16:00:00,19.83,12/23/2019 16:00:00,17.76,12/17/2019 17:26:00,8.11,,,12/20/2019 16:00:00,69.94,12/20/2019 16:00:00,118.02,12/20/2019 16:00:00,99.96,12/20/2019 16:00:00,7.07
12/23/2019 16:00:00,19.7,12/24/2019 13:00:00,18.31,12/18/2019 17:26:00,8.13,,,12/23/2019 16:00:00,70.29,12/23/2019 16:00:00,116.62,12/23/2019 16:00:00,100.04,12/23/2019 16:00:00,7.02
12/24/2019 13:00:00,19.75,12/26/2019 16:00:00,18.36,12/19/2019 17:26:00,8.19,,,12/24/2019 13:00:00,70.02,12/24/2019 13:00:00,116.74,12/24/2019 13:00:00,100.14,12/24/2019 13:00:00,6.9
12/26/2019 16:00:00,19.86,12/27/2019 16:00:00,18.37,12/20/2019 17:26:00,8.46,,,12/26/2019 16:00:00,70.13,12/26/2019 16:00:00,118.11,12/26/2019 16:00:00,100.71,12/26/2019 16:00:00,6.7
12/27/2019 16:00:00,19.52,12/30/2019 16:00:00,18.61,12/23/2019 17:26:00,8.38,,,12/27/2019 16:00:00,69.89,12/27/2019 16:00:00,118.18,12/27/2019 16:00:00,101.57,12/27/2019 16:00:00,6.82
12/30/2019 16:00:00,19.05,,,12/27/2019 17:26:00,8.46,,,12/30/2019 16:00:00,69.48,12/30/2019 16:00:00,118.31,12/30/2019 16:00:00,100.8,12/30/2019 16:00:00,6.93